,coin,exchange,unix_timestamp,close,bid_amount_btc_total,ask_amount_btc_total,BID_ASK_VOLUME_DIFFERENCE
0,XWC,Bittrex,1531785600,1.7e-05,5.134371892670581,10.16041856039162,-5.0260466677210385
0,XDN,Bittrex,1531785600,8.4e-07,4.754522290359436,8.066898387772156,-3.31237609741272
0,EMC2,Bittrex,1531785600,1.904e-05,4.20436411626598,4.2697619324466904,-0.0653978161807105
0,THC,Bittrex,1531785600,1.02e-05,2.8651134143557377,0.950853009960042,1.9142604043956957
0,VTR,Bittrex,1531785600,8.08e-06,1.487560033849115,0.5353113123270925,0.9522487215220226
0,CURE,Bittrex,1531785600,2.858e-05,0.42257909254917636,0.6740174484142161,-0.2514383558650397
0,ENRG,Bittrex,1531785600,4.84e-06,2.1655271704359254,0.959835834066097,1.2056913363698283
0,KORE,Bittrex,1531785600,0.00021,2.7297895882014895,2.823658929355823,-0.09386934115433343
0,PINK,Bittrex,1531785600,1.64e-06,1.1239590278168798,0.4213732972558036,0.7025857305610763
0,RBY,Bittrex,1531785600,3.953e-05,0.4785715471680792,0.3010073384568906,0.1775642087111886
0,RDD,Bittrex,1531785600,6.5e-07,39.60913594667323,108.05335706869451,-68.44422112202128
0,ABY,Bittrex,1531785600,5.8e-07,0.9379084911058302,1.3424576754432125,-0.4045491843373823
0,BAY,Bittrex,1531785600,4.41e-06,4.754498203849268,6.902459894068959,-2.1479616902196907
0,BLOCK,Bittrex,1531785600,0.001682,25.554979717522265,4.254029331170556,21.30095038635171
0,CLOAK,Binance,1531785600,0.0005608,6.915284601999999,4.971953624999999,1.9433309769999996
0,CLOAK,Bittrex,1531785600,0.0005618,4.095402599189666,1.406070172143079,2.689332427046587
0,DOPE,Bittrex,1531785600,2.97e-06,0.9776563655737648,0.6632607945825628,0.31439557099120197
0,FTC,Bittrex,1531785600,1.229e-05,4.793376951252357,3.945368918661754,0.8480080325906032
0,IOC,Bittrex,1531785600,6.837e-05,2.2310476253730216,1.0267944781049887,1.204253147268033
0,MONA,Bittrex,1531785600,0.000327,2.4340786275618695,3.3410853368135256,-0.907006709251656
0,SYS,Binance,1531785600,2.34e-05,14.243264800000004,5.642546000000001,8.600718800000003
0,SYS,Bittrex,1531785600,2.336e-05,14.585433083240643,8.578098573574822,6.007334509665821
0,VRC,Bittrex,1531785600,4.482e-05,2.339982969625659,0.9248401591984982,1.4151428104271608
0,XLM,Binance,1531785600,3.483e-05,28.75746171999999,24.396180489999985,4.361281230000007
0,XLM,Bittrex,1531785600,3.483e-05,30.806714096142564,24.72345399408832,6.083260102054243
0,XMG,Bittrex,1531785600,1.815e-05,0.10810419767795389,0.2697858669390798,-0.16168166926112593
0,XMY,Bittrex,1531785600,5.8e-07,1.8935868871140604,1.5708064298190816,0.32278045729497884
0,BLK,Bittrex,1531785600,1.998e-05,1.992955092535872,1.416914294468791,0.5760407980670812
0,BURST,Bittrex,1531785600,2.03e-06,2.617113628121604,2.147977850640167,0.46913577748143664
0,BYC,Bittrex,1531785600,5.614e-05,0.24845430123911705,0.3008968852655172,-0.052442584026400174
0,CANN,Bittrex,1531785600,3.41e-06,1.5771152975635256,1.3492084749863325,0.2279068225771932
0,DGB,Bittrex,1531785600,5.8e-06,101.26560856967068,179.71179810627046,-78.44618953659979
0,DGB,Kucoin,1531785600,5.81e-06,2.24683543465,1.001143874181,1.245691560469
0,DOGE,Bittrex,1531785600,4.4e-07,48.527791955454205,32.87652826663932,15.651263688814886
0,EFL,Bittrex,1531785600,1.181e-05,0.4877908177713118,0.6316175363779497,-0.14382671860663793
0,EXCL,Bittrex,1531785600,6.185e-05,2.1223980102398867,1.2759775775407125,0.8464204326991742
0,LTC,Binance,1531785600,0.01234,17.01055992,26.997710599999998,-9.98715068
0,LTC,Bittrex,1531785600,0.01235,28.447736395465235,14.262247181108393,14.185489214356842
0,LTC,Kucoin,1531785600,0.01235,0.39023183048541,0.38808572278964,0.0021461076957700054
0,NAV,Binance,1531785600,6.23e-05,11.03798289,7.075968308999998,3.9620145810000027
0,NAV,Bittrex,1531785600,6.271e-05,3.703360908475612,3.7076564753032164,-0.004295566827604347
0,NEOS,Bittrex,1531785600,0.00024700000000000004,0.6857256207091297,0.37316380830071805,0.31256181240841163
0,NLG,Bittrex,1531785600,8.78e-06,3.8760829598171447,3.674533558737519,0.2015494010796255
0,NXT,Bittrex,1531785600,1.344e-05,5.0580093054293265,14.745432892825898,-9.687423587396571
0,POT,Bittrex,1531785600,7.37e-06,1.0299092630631286,0.7479413078012443,0.28196795526188423
0,PTC,Bittrex,1531785600,3.27e-06,0.7136063890641263,0.1868592353206538,0.5267471537434725
0,SLR,Bittrex,1531785600,3.085e-05,0.0,0.0,0.0
0,SPR,Bittrex,1531785600,3.638e-05,1.9692398393771573,0.7714142407596742,1.197825598617483
0,TRUST,Bittrex,1531785600,4.65e-06,0.5900279661955541,0.2509678479028723,0.3390601182926818
0,VIA,Binance,1531785600,0.0001729,4.885728830000003,7.428842459000001,-2.543113628999998
0,VIA,Bittrex,1531785600,0.00017280000000000005,36.42882441191285,2.5541275152723637,33.874696896640486
0,VTC,Bittrex,1531785600,0.0001408,2.9796549090532594,6.148749194248659,-3.1690942851954
0,XMR,Binance,1531785600,0.02059,7.710873971000001,9.420903543999996,-1.7100295729999955
0,XMR,Bittrex,1531785600,0.02053,21.39664639858796,30.740154315036357,-9.343507916448395
0,XRP,Binance,1531785600,7.049999999999999e-05,36.08007842000001,26.654803309999995,9.425275110000012
0,XRP,Bittrex,1531785600,7.073e-05,27.420633848855687,23.250900786609343,4.169733062246344
0,XST,Bittrex,1531785600,2.75e-05,0.4222492525240828,0.2646336141604546,0.15761563836362819
0,XCP,Bittrex,1531785600,0.001183,4.91650491259316,1.0169252193396743,3.899579693253486
0,BITB,Bittrex,1531785600,5.5e-07,4.651803166320522,7.460760172090131,-2.808957005769609
0,GEO,Bittrex,1531785600,0.0001185,0.593162829851714,0.7704761901469795,-0.17731336029526557
0,FLDC,Bittrex,1531785600,1.24e-06,2.3915076680921135,1.5893093852396196,0.8021982828524938
0,GRC,Bittrex,1531785600,4.12e-06,2.737558965594234,0.3615437420558315,2.376015223538402
0,FLO,Bittrex,1531785600,6e-06,1.275613358872683,1.4274424161337649,-0.15182905726108187
0,DASH,Binance,1531785600,0.037000000000000005,12.684661977999998,7.9660472849999975,4.718614693
0,DASH,Bittrex,1531785600,0.03714,28.46737546100408,25.77263899432737,2.694736466676712
0,DASH,Kucoin,1531785600,0.03789,0.2146000509049997,0.37350292774340194,-0.15890287683840223
0,CLAM,Bittrex,1531785600,0.0004274,1.9789590597730953,1.5002302547481188,0.4787288050249765
0,NBT,Bittrex,1531785600,3.2500000000000004e-05,1.520488298240861,0.8229361863145686,0.6975521119262924
0,XEM,Binance,1531785600,2.609e-05,15.23835074,9.1354939,6.102856839999999
0,XEM,Bittrex,1531785600,2.61e-05,19.304456899486706,15.380097391903796,3.92435950758291
0,DMD,Bittrex,1531785600,0.0004771,6.518256769240731,0.4967004910894518,6.021556278151279
0,MUE,Bittrex,1531785600,1.021e-05,4.181853912531988,0.8915993116971679,3.29025460083482
0,GAM,Bittrex,1531785600,0.0006837000000000001,11.315952270612161,0.1415942896043282,11.174357981007834
0,SPHR,Bittrex,1531785600,0.000112,0.9701555293367725,0.979017433121116,-0.008861903784343483
0,OK,Bittrex,1531785600,1.109e-05,2.981490184626947,3.6567138955583314,-0.6752237109313843
0,PPC,Bittrex,1531785600,0.0001874,3.0174795080682766,7.151132391564987,-4.13365288349671
0,ERC,Bittrex,1531785600,3.4e-05,0.36593454382629464,0.7089808997963808,-0.34304635597008615
0,AEON,Bittrex,1531785600,0.0002083,5.835501312626314,4.661538219037837,1.173963093588477
0,ETH,Binance,1531785600,0.0706,35.78111530100001,46.684961746,-10.903846444999992
0,ETH,Bittrex,1531785600,0.07064,41.28652016163183,31.58385427937008,9.702665882261748
0,ETH,Kucoin,1531785600,0.07053,0.220444954899164,0.91672485587281,-0.696279900973646
0,TX,Bittrex,1531785600,5.184e-05,2.804561243646252,2.1602021567727725,0.6443590868734796
0,BCY,Bittrex,1531785600,3.074e-05,1.1672198697199896,0.5236829581565292,0.6435369115634604
0,EXP,Bittrex,1531785600,0.0001336,2.3705487591984626,3.737427131548936,-1.3668783723504734
0,OMNI,Bittrex,1531785600,0.0016600000000000002,1.4656529756048966,1.4398677966803257,0.025785178924570884
0,AMP,Bittrex,1531785600,1.86e-05,2.9317730982748524,4.3080045636480016,-1.376231465373149
0,AUR,Bittrex,1531785600,5.421e-05,0.7082257218973887,0.887482068111611,-0.17925634621422226
0,BNT,Binance,1531785600,0.000348,4.01278465,5.3391366799999975,-1.3263520299999971
0,BNT,Bittrex,1531785600,0.0003455,5.31040860312521,3.2491019403113968,2.0613066628138133
0,RVR,Bittrex,1531785600,6.900000000000002e-06,2.0572557786389534,4.216802445710966,-2.159546667072013
0,EMC,Bittrex,1531785600,0.0004176,4.207009744413408,4.161570309024391,0.0454394353890164
0,FCT,Bittrex,1531785600,0.001475,29.739845980051584,9.60142894692513,20.13841703312645
0,EGC,Bittrex,1531785600,1.538e-05,0.0989153553992586,0.0262130445791274,0.07270231082013119
0,SLS,Bittrex,1531785600,0.003641,9.117906902439643,4.575402225200205,4.542504677239438
0,GRS,Binance,1531785600,9.029e-05,4.86929847,8.35170275,-3.482404279999999
0,GRS,Bittrex,1531785600,8.958e-05,7.12847986282328,2.468937764966443,4.659542097856837
0,RADS,Bittrex,1531785600,0.0003693,2.0292055168960204,3.205722683628618,-1.1765171667325975
0,DCR,Bittrex,1531785600,0.01085,26.67517194434882,9.427811260837714,17.247360683511104
0,BSD,Bittrex,1522886400,6.99e-05,0.0,0.0,0.0
0,XVG,Binance,1531785600,3.62e-06,56.75782259999998,99.4951648,-42.737342200000015
0,XVG,Bittrex,1531785600,3.63e-06,63.436076810251244,88.44642909416679,-25.010352283915545
0,MEME,Bittrex,1531785600,1.326e-05,2.0937559509987316,2.4759468175948425,-0.3821908665961109
0,GAME,Bittrex,1531785600,7.706e-05,1.4975782029787388,0.6976745466580154,0.7999036563207234
0,STEEM,Binance,1531785600,0.00022,6.212648422999998,10.430856968999997,-4.218208545999999
0,STEEM,Bittrex,1531785600,0.0002094,7.401535294550073,2.9968269897507818,4.404708304799291
0,2GIVE,Bittrex,1531785600,8.1e-07,1.4474962701794771,3.014801177411527,-1.56730490723205
0,LSK,Binance,1531785600,0.0007924,12.019309359,13.100902366999994,-1.0815930079999951
0,LSK,Bittrex,1531785600,0.0008017999999999999,14.83519415630656,4.7392185014621795,10.09597565484438
0,BRK,Bittrex,1531785600,1.049e-05,0.25973407020993694,0.1987358364507813,0.06099823375915564
0,WAVES,Binance,1531785600,0.0004308,8.913138582000002,5.130348269000001,3.7827903130000013
0,WAVES,Bittrex,1531785600,0.0004333,15.022674006847618,4.783393155192566,10.239280851655053
0,LBC,Bittrex,1531785600,1.743e-05,9.7328865708183,6.201754962669463,3.5311316081488373
0,SBD,Bittrex,1522886400,0.0002955,0.0,0.0,0.0
0,BRX,Bittrex,1531785600,5.367e-05,0.0647617441507013,0.13986130757122167,-0.07509956342052038
0,ETC,Binance,1531785600,0.002535,43.97095631999996,41.388083079999994,2.5828732399999623
0,ETC,Bittrex,1531785600,0.00255,34.25734855937824,40.23745250089959,-5.980103941521357
0,ETC,Kucoin,1531785600,0.002526,0.52880870485706,0.34530256313702,0.18350614172003998
0,STRAT,Binance,1531785600,0.0003962,8.784495203000002,8.598099543999997,0.18639565900000576
0,STRAT,Bittrex,1531785600,0.0003945,18.23091734421037,7.418210002077421,10.812707342132947
0,COVAL,Bittrex,1531785600,5.3e-07,5.495940818084298,3.7685962996360383,1.7273445184482599
0,GLD,Bittrex,1531785600,9.75e-06,1.1656034434159737,1.105544824752131,0.06005861866384277
0,SYNX,Bittrex,1531785600,2.341e-05,2.9917260309098115,1.886691171027806,1.1050348598820054
0,UNB,Bittrex,1531785600,4.284e-05,1.8649364903876358,0.6499518395076075,1.2149846508800284
0,EBST,Bittrex,1531785600,1.647e-05,3.660025009669289,4.570615237347567,-0.9105902276782776
0,VRM,Bittrex,1531785600,0.0001794,1.9035120290664458,0.4323352140936779,1.4711768149727678
0,NXS,Binance,1531785600,0.0002071,13.248886030999998,9.645264514000006,3.6036215169999917
0,NXS,Bittrex,1531785600,0.0002073,11.240344479502092,15.073152367338155,-3.832807887836063
0,REP,Binance,1531785600,0.004502,6.090183668999999,8.472556233000002,-2.3823725640000033
0,REP,Bittrex,1531785600,0.004479,12.694451259984145,6.6914428060584665,6.003008453925679
0,SHIFT,Bittrex,1531785600,0.0001578,2.8895870780157846,5.4272787251153725,-2.537691647099588
0,ARDR,Bittrex,1531785600,2.425e-05,12.059799399999688,13.924394064363772,-1.864594664364084
0,XZC,Binance,1531785600,0.002405,9.885839959999998,8.369032539999996,1.5168074200000028
0,XZC,Bittrex,1531785600,0.002422,20.28994453832942,4.444458615228718,15.8454859231007
0,NEO,Binance,1531785600,0.005435,21.153495530000004,27.069843979999998,-5.916348449999994
0,NEO,Bittrex,1531785600,0.0054280000000000005,50.52759833040247,26.918262509630104,23.609335820772365
0,NEO,Kucoin,1531785600,0.005412,0.6221699806584,2.3594250164333,-1.7372550357749
0,ZEC,Binance,1531785600,0.0276,21.183758223999998,8.108630034,13.075128189999997
0,ZEC,Bittrex,1531785600,0.027510000000000003,27.885079698772817,27.754998679372964,0.13008101939985295
0,ZCL,Bittrex,1531785600,0.001255,11.786185269303354,12.438922206512997,-0.6527369372096423
0,IOP,Bittrex,1531785600,0.000115,2.5721927932417303,3.022419464243945,-0.4502266710022145
0,GOLOS,Bittrex,1531785600,5.97e-06,0.7990647811424202,0.3653989653456946,0.4336658157967256
0,UBQ,Bittrex,1531785600,0.0001481,10.250387088551076,3.145920686600186,7.10446640195089
0,GBG,Bittrex,1531785600,7.05e-06,0.866820666920259,6.595049323257557,-5.728228656337298
0,KMD,Binance,1531785600,0.0002378,5.690465288999999,6.962627804000002,-1.2721625150000033
0,KMD,Bittrex,1531785600,0.0002371,6.54171849970387,3.9559602159562903,2.5857582837475794
0,PIVX,Binance,1531785600,0.0002875,19.455448064000002,6.818151565,12.637296499000001
0,PIVX,Bittrex,1531785600,0.0002867,8.42000042845325,3.615713004412537,4.804287424040712
0,ION,Bittrex,1531785600,0.0001463,3.1384708351013906,3.834155419137372,-0.6956845840359813
0,LMC,Bittrex,1531785600,3.47e-06,0.5044163640257627,1.6219131989417632,-1.1174968349160004
0,SIB,Bittrex,1531785600,7.591e-05,11.18894527467037,9.842328723539273,1.3466165511310972
0,QWARK,Bittrex,1531785600,5.49e-06,1.616128221629358,0.7676609153260331,0.8484673063033249
0,CRW,Bittrex,1531785600,7.092e-05,1.3436940738864493,1.4820951244341423,-0.13840105054769292
0,SWT,Bittrex,1531785600,8.774e-05,4.689087066033311,1.4686173636672606,3.2204697023660502
0,MLN,Bittrex,1531785600,0.003711,0.3739625582462317,0.30522755476602376,0.06873500348020795
0,SEQ,Bittrex,1531785600,1.652e-05,4.932993814222426,1.1828803646371093,3.750113449585317
0,ARK,Binance,1531785600,0.0002052,9.922503424999999,17.559194565,-7.63669114
0,ARK,Bittrex,1531785600,0.000204,9.71611176526943,6.138509805091266,3.577601960178164
0,DYN,Bittrex,1531785600,0.00019880000000000006,18.398520205466152,5.063680513629966,13.334839691836187
0,TKS,Bittrex,1531785600,0.0001236,1.0255447432045903,0.28503714896060955,0.7405075942439807
0,MUSIC,Bittrex,1531785600,1.05e-06,3.46492338207646,6.610300533426559,-3.1453771513500994
0,DTB,Bittrex,1531785600,5.829e-05,2.4822001900889745,1.6713413696838804,0.8108588204050942
0,INCNT,Bittrex,1531785600,3.359e-05,1.98385016023602,1.2741556886718726,0.7096944715641473
0,GBYTE,Bittrex,1531785600,0.02,41.281418964043,46.80182185153118,-5.520402887488181
0,GNT,Binance,1531785600,4.566e-05,3.971445500000001,6.428174549999999,-2.4567290499999976
0,GNT,Bittrex,1531785600,4.57e-05,13.110587613029109,15.366635455158974,-2.256047842129865
0,NXC,Bittrex,1531785600,1.225e-05,0.4855358476624306,0.9882719400793335,-0.5027360924169029
0,EDG,Bittrex,1531785600,4.924e-05,2.805073819148258,4.4059316435132345,-1.6008578243649767
0,RLC,Binance,1531785600,0.0001112,7.825204607,20.306978904,-12.481774297000001
0,RLC,Bittrex,1531785600,0.0001106,3.980533566748795,3.8762636678387357,0.10426989891005922
0,WINGS,Binance,1531785600,3.198e-05,3.5001899299999986,5.357769119999998,-1.8575791899999992
0,WINGS,Bittrex,1531785600,3.194e-05,4.415998351916305,2.3936410760816633,2.0223572758346418
0,GUP,Bittrex,1531785600,1.62e-05,2.1911072264559532,3.1651198389454547,-0.9740126124895014
0,GNO,Bittrex,1531785600,0.00774,7.740873596188629,3.6435069194335514,4.097366676755078
0,LUN,Binance,1531785600,0.001112,2.505505509999999,5.398624806,-2.893119296000001
0,LUN,Bittrex,1531785600,0.001115,4.386767020545307,1.952052963269386,2.4347140572759205
0,HMQ,Bittrex,1531785600,9.97e-06,17.92609579433767,4.261173824437804,13.664921969899865
0,ANT,Bittrex,1531785600,0.000246,3.0682626302837694,7.849542224631388,-4.781279594347618
0,SC,Binance,1531785600,1.65e-06,38.299185400000006,96.93107058,-58.63188517999999
0,SC,Bittrex,1531785600,1.65e-06,52.010585252909024,137.11444704792112,-85.1038617950121
0,BAT,Binance,1531785600,5.355e-05,10.490038439999994,15.2614028,-4.771364360000007
0,BAT,Bittrex,1531785600,5.327e-05,14.640662423496206,10.521156759694659,4.119505663801547
0,ZEN,Binance,1531785600,0.00323,9.727509886000002,10.579199016000006,-0.851689130000004
0,ZEN,Bittrex,1531785600,0.003255,8.26553385132014,4.864396406137891,3.4011374451822487
0,QRL,Bittrex,1531785600,6.735e-05,3.2365059798716165,7.021328944178717,-3.7848229643071005
0,PTOY,Bittrex,1531785600,9.46e-06,2.3510024243723193,0.31926272879767037,2.031739695574649
0,CFI,Bittrex,1531785600,5.42e-06,3.325722866059707,2.5912845533125575,0.7344383127471494
0,NMR,Bittrex,1531785600,0.0011710000000000002,8.682258692681698,9.225269402980077,-0.543010710298379
0,SNT,Binance,1531785600,1.0800000000000003e-05,6.3944994100000025,8.56612082,-2.1716214099999975
0,SNT,Bittrex,1531785600,1.088e-05,15.098141205667094,6.952443180739316,8.145698024927778
0,SNT,Kucoin,1531785600,1.085e-05,0.22311744534400002,0.07509438457900001,0.148023060765
0,DCT,Bittrex,1531785600,4.381e-05,6.6578239111837725,2.072918037272055,4.584905873911717
0,MCO,Binance,1531785600,0.001135,40.12117637,21.475424890000003,18.645751479999998
0,MCO,Bittrex,1531785600,0.00114,24.207357024950735,20.450997176830207,3.7563598481205283
0,XEL,Bittrex,1531785600,2.134e-05,6.144045162723757,3.1931054031645045,2.950939759559253
0,ADT,Bittrex,1531785600,2.26e-06,2.199207184945884,5.866561855324141,-3.6673546703782574
0,PAY,Bittrex,1531785600,0.000194,8.101063492839582,14.717617447704601,-6.616553954865019
0,PAY,Kucoin,1531785600,0.0001921,0.008628163076000003,0.0111685,-0.002540336923999997
0,ADX,Binance,1531785600,5.7399999999999986e-05,8.519524860000002,5.025103810000001,3.4944210500000015
0,ADX,Bittrex,1531785600,5.76e-05,5.207479128788662,5.165036515702663,0.04244261308599828
0,STORJ,Binance,1531785600,6.778e-05,4.363274100000002,5.81695063,-1.4536765299999983
0,STORJ,Bittrex,1531785600,6.809e-05,4.559921087426885,2.3144822036036397,2.2454388838232457
0,BNB,Binance,1531785600,0.00194,19.582647609999995,32.17384224200001,-12.591194632000018
0,CVC,Binance,1531785600,2.789e-05,33.62880827,5.704712500000003,27.924095769999997
0,CVC,Bittrex,1531785600,2.802e-05,5.355791426976361,7.6009451546181035,-2.2451537276417426
0,CVC,Kucoin,1531785600,2.853e-05,0.12159475571199999,0.003291162377,0.11830359333499998
0,OMG,Binance,1531785600,0.001087,18.041978200000003,21.273854989999997,-3.231876789999994
0,OMG,Bittrex,1531785600,0.001091,21.167773808518774,12.178328180716836,8.989445627801938
0,OMG,Kucoin,1531785600,0.001108,0.262659741397,0.182716611297,0.07994313009999998
0,PART,Bittrex,1531785600,0.0007696000000000001,10.012880480965126,6.786718556506329,3.226161924458798
0,QTUM,Binance,1531785600,0.001217,20.567432509999986,22.219609610000003,-1.6521771000000172
0,QTUM,Bittrex,1531785600,0.001223,23.55614171726322,14.729070655307787,8.827071061955433
0,QTUM,Kucoin,1531785600,0.001235,0.034634889040000005,0.073410215644,-0.03877532660399999
0,BCH,Binance,1531785600,0.1177,27.452409652,17.472671265000006,9.979738386999994
0,BCH,Bittrex,1531785600,0.1171,44.73688814817057,38.583853229431334,6.1530349187392375
0,BCH,Kucoin,1531785600,0.1175,0.2466036328524899,0.2172767138394025,0.0293269190130874
0,GAS,Binance,1531785600,0.001739,7.9875107,5.30115767,2.6863530299999994
0,GAS,Kucoin,1531785600,0.001757,0.372832298491,0.050753087456,0.32207921103500003
0,HSR,Binance,1531785600,0.000776,11.006211570000003,9.632228620000001,1.373982950000002
0,HSR,Kucoin,1531785600,0.000755,0.209973206758,0.15863275272600003,0.051340454031999966
0,WTC,Binance,1531785600,0.001022,13.375886824000002,10.728641411999998,2.6472454120000037
0,WTC,Kucoin,1531785600,0.001022,0.235124591916,0.07363165192900001,0.16149293998699998
0,LRC,Binance,1531785600,4.36e-05,6.24046249,8.527520870000004,-2.287058380000004
0,LRC,Bittrex,1531785600,4.403e-05,2.1833606955894167,1.210476083131004,0.9728846124584127
0,YOYOW,Binance,1531785600,8.52e-06,8.622867279999998,9.082320719999998,-0.45945344000000077
0,BQX,Binance,1531785600,0.000207,2.18874328,5.568922980000003,-3.3801797000000025
0,FUN,Binance,1531785600,3.94e-06,23.037504799999997,19.112995869999995,3.924508930000002
0,KNC,Binance,1531785600,0.00014199999999999998,7.754540750000001,4.54838794,3.2061528100000016
0,KNC,Kucoin,1531785600,0.00013869999999999998,0.08211333778600001,0.0018727365899999999,0.08024060119600002
0,LINK,Binance,1531785600,3.3100000000000005e-05,9.124372009999997,4.8429818,4.281390209999997
0,SNGLS,Binance,1531785600,5.71e-06,4.6563705399999975,6.59567332,-1.939302780000003
0,SNM,Binance,1531785600,1.894e-05,7.156094210000002,5.7925889,1.3635053100000016
0,SNM,Kucoin,1531785600,1.869e-05,0.10995542104300002,0.08130527826999999,0.02865014277300003
0,ZRX,Binance,1531785600,0.000165,15.675255289999992,17.084976199999996,-1.4097209100000043
0,ZRX,Bittrex,1531785600,0.0001643,14.786502931659147,18.485230710620982,-3.6987277789618354
0,ADA,Binance,1531785600,2.265e-05,58.52530011999999,107.88171048000002,-49.356410360000034
0,ADA,Bittrex,1531785600,2.255e-05,57.78728045605173,67.80359373639868,-10.01631328034695
0,EOS,Binance,1531785600,0.001181,17.711442440000003,25.151119697000002,-7.439677257
0,EOS,Kucoin,1531785600,0.001181,0.9563271231,0.972678943212,-0.016351820111999982
0,MDA,Binance,1531785600,7.973e-05,55.187819609999984,4.127363679999998,51.06045592999999
0,MTL,Binance,1531785600,0.0001951,21.053830782000002,8.194149270999999,12.859681511000003
0,SALT,Binance,1531785600,0.000167,18.270018561,6.543891605000001,11.726126956
0,SALT,Bittrex,1531785600,0.0001675,4.326833299200399,5.4224099394973315,-1.0955766402969322
0,SUB,Binance,1531785600,3.485e-05,6.279321839999999,6.267872599999999,0.011449240000000138
0,SUB,Kucoin,1531785600,3.491e-05,0.1151943005,0.026636328299999998,0.0885579722
0,MANA,Binance,1531785600,1.561e-05,27.84869632,13.450058760000005,14.398637559999994
0,MANA,Bittrex,1531785600,1.557e-05,24.148740295647954,12.9494080241816,11.199332271466353
0,MANA,Kucoin,1531785600,1.556e-05,0.129097926325,0.047312561589999996,0.081785364735
0,DNT,Binance,1531785600,5.59e-06,6.6809027500000004,10.91340308,-4.23250033
0,DNT,Bittrex,1531785600,5.55e-06,3.71523434803483,5.339896304666194,-1.624661956631364
0,TIX,Bittrex,1531785600,3.3e-05,1.5798255879906182,2.070656688679228,-0.4908311006886097
0,AST,Binance,1531785600,2.219e-05,5.773634940000002,6.36882762,-0.5951926799999985
0,BTG,Binance,1531785600,0.004386999999999999,5.40565319,7.88830921,-2.4826560200000003
0,BTG,Bittrex,1531785600,0.004396,10.63152112089653,8.933065901339305,1.698455219557225
0,BTG,Kucoin,1531785600,0.004463,0.105198689094423,0.1881502555880568,-0.08295156649363379
0,ENG,Binance,1531785600,0.0002044,8.63615748,12.736684080000002,-4.100526600000002
0,ENG,Bittrex,1531785600,0.0002053,2.920376577056912,1.7980639362305926,1.1223126408263195
0,ENJ,Binance,1531785600,8.96e-06,9.34629982,13.043099460000002,-3.696799640000002
0,ENJ,Kucoin,1531785600,9e-06,0.13782216934099994,0.11153761020299999,0.026284559137999958
0,EVX,Binance,1531785600,0.0001036,3.965896980000001,4.560809589999999,-0.594912609999998
0,ICN,Binance,1531785600,9.151e-05,3.5215981400000005,3.6404391499999993,-0.1188410099999988
0,MOD,Binance,1531785600,0.000152,4.134085827000001,2.4390587729999993,1.6950270540000014
0,MOD,Kucoin,1531785600,0.0001555,0.12365763133446,0.11228746521781,0.01137016611665001
0,MTH,Binance,1531785600,6.18e-06,5.546119139999999,9.657783509999998,-4.111664369999999
0,MTH,Kucoin,1531785600,6.24e-06,0.036980660767000004,0.16051499472,-0.123534333953
0,OAX,Binance,1531785600,5.296e-05,3.829465259999999,2.47746598,1.3519992799999994
0,POWR,Binance,1531785600,5.315e-05,7.55422392,8.614412109999996,-1.0601881899999963
0,POWR,Bittrex,1531785600,5.287e-05,9.299631491372223,17.938128472374498,-8.638496981002275
0,POWR,Kucoin,1531785600,5.331e-05,0.17440460383478998,0.08815987915427001,0.08624472468051997
0,RCN,Binance,1531785600,6.94e-06,4.170656790000001,7.89487515,-3.724218359999999
0,RCN,Bittrex,1531785600,6.95e-06,2.4132718239561175,1.2045185056172076,1.2087533183389099
0,REQ,Binance,1531785600,1.075e-05,4.545673679999999,4.12509266,0.4205810199999993
0,REQ,Kucoin,1531785600,1.068e-05,1.105533153802,0.11489139114,0.9906417626619999
0,TRX,Binance,1531785600,5.43e-06,246.84956445999998,318.42903688,-71.57947242000003
0,TRX,Bittrex,1531785600,5.44e-06,45.09903064648365,72.24099880397782,-27.14196815749417
0,VIB,Binance,1531785600,1.174e-05,5.833605680000001,6.252907060000001,-0.4193013800000003
0,VIB,Bittrex,1531785600,1.175e-05,4.3366426667623275,2.650554454127467,1.6860882126348606
0,MER,Bittrex,1531785600,2.008e-05,2.8379478705958125,1.9857542297979662,0.8521936407978463
0,AMB,Binance,1531785600,4.459e-05,6.015988780000001,4.16184336,1.854145420000001
0,AMB,Kucoin,1531785600,4.475e-05,0.21004293472000002,0.09984326722199999,0.11019966749800003
0,ARN,Binance,1531785600,9.579e-05,9.354122190000002,5.35030767,4.0038145200000015
0,ARN,Kucoin,1531785600,9.753e-05,0.12312155120000001,0.041695284234,0.08142626696600001
0,BCPT,Binance,1531785600,2.704e-05,9.788975939999998,3.9439968399999996,5.844979099999999
0,BCPT,Bittrex,1531785600,2.691e-05,2.163127166891166,2.157788693166608,0.005338473724557868
0,BCPT,Kucoin,1531785600,2.797e-05,0.10712788125984,0.31164533879856005,-0.20451745753872003
0,DLT,Binance,1531785600,1.349e-05,3.0063367099999994,4.272740439999999,-1.2664037299999995
0,NULS,Binance,1531785600,0.0003879,8.399465429999996,8.568013290000005,-0.1685478600000092
0,NULS,Kucoin,1531785600,0.0003864,0.13390647529889,0.11529842541472002,0.018608049884169975
0,VEN,Binance,1531785600,0.00027430000000000005,7.911974210000001,11.178319320000004,-3.2663451100000023
0,VEN,Kucoin,1531785600,0.0002754,0.374491945096,0.9481038611399999,-0.5736119160439999
0,QSP,Binance,1531785600,1.099e-05,10.4055572,18.355438089999996,-7.949880889999996
0,QSP,Kucoin,1531785600,1.078e-05,0.07246279513483,0.005533551380900001,0.06692924375393
0,BCD,Binance,1531785600,0.002478,24.448812418000013,10.104300148000002,14.344512270000012
0,BCD,Kucoin,1531785600,0.002793,0.0036086304500348,0.020547738501461202,-0.016939108051426403
0,CAG,Kucoin,1531785600,2.071e-05,0.032449483585,0.08548010321941,-0.053030619634410005
0,GVT,Binance,1531785600,0.001361,2.452064424000001,5.914694717999998,-3.462630293999997
0,GVT,Kucoin,1531785600,0.001351,0.36863231443145,0.18900904494391,0.17962326948754
0,HST,Kucoin,1531785600,6.784e-05,0.14786970088769,0.8200101594783902,-0.6721404585907002
0,KCS,Kucoin,1531785600,0.0004425,1.34786654314,0.873929919951,0.4739366231890001
0,NEBL,Binance,1531785600,0.0005878999999999999,7.649702007000002,5.293039191999997,2.3566628150000053
0,NEBL,Kucoin,1531785600,0.0005983,0.23974829713815002,0.0962528247046,0.14349547243355001
0,PPT,Binance,1531785600,0.001021,7.781364001000001,6.1338036009999986,1.6475604000000024
0,PPT,Kucoin,1531785600,0.001035,0.5448457974875399,0.14073877011963004,0.4041070273679099
0,PURA,Kucoin,1531785600,1.2e-05,1.22660117800614,0.18921342229713997,1.037387755709
0,RPX,Binance,1531785600,5.42e-06,12.401536489999996,31.03671160999999,-18.635175119999992
0,RPX,Kucoin,1531785600,5.400000000000002e-06,0.23011860588799998,0.118009350668,0.11210925521999998
0,UKG,Bittrex,1531785600,1.34e-05,4.38641128549945,1.3202557258228773,3.0661555596765724
0,UKG,Kucoin,1531785600,1.309e-05,0.02150804727486,0.36428399628443,-0.34277594900957
0,XAS,Kucoin,1531785600,6.11e-05,0.09387127903638999,0.47780433857109994,-0.38393305953470996
0,BTS,Binance,1531785600,2.881e-05,9.45289827,15.46450843,-6.01161016
0,CDT,Binance,1531785600,3.67e-06,6.641398960000001,20.922494349999997,-14.281095389999997
0,CND,Binance,1531785600,4.75e-06,9.605667380000002,8.991572310000002,0.6140950699999994
0,DGD,Binance,1531785600,0.01489,8.235996006999997,2.8055863640000003,5.430409642999997
0,FUEL,Binance,1531785600,5.29e-06,3.7118388200000005,4.88773189,-1.1758930699999999
0,GXS,Binance,1531785600,0.0004236000000000001,13.050509015,15.620041827,-2.5695328120000003
0,LEND,Binance,1531785600,4.18e-06,8.954248950000002,13.440649540000003,-4.486400590000001
0,LEND,Kucoin,1531785600,4.25e-06,0.781444552071,0.22240876785,0.5590357842210001
0,POE,Binance,1531785600,2.57e-06,18.813189419999997,32.72370691,-13.91051749
0,TNT,Binance,1531785600,6.45e-06,6.336304600000002,8.54247811,-2.2061735099999975
0,WABI,Binance,1531785600,5.986e-05,6.179657449999998,5.692137800000002,0.48751964999999586
0,AION,Binance,1531785600,0.00015680000000000002,13.037508189000002,10.673517603000002,2.363990586
0,AION,Kucoin,1531785600,0.0001567,0.08832854115497998,0.03527637704085,0.05305216411412998
0,BNTY,Kucoin,1531785600,4.04e-06,0.049149162690999997,0.008439985538000001,0.040709177152999994
0,BRD,Binance,1531785600,6.245e-05,14.289524209999996,4.6039897199999995,9.685534489999997
0,BRD,Kucoin,1531785600,6.281e-05,0.053205355011,0.040544159782999994,0.012661195228000008
0,DBC,Kucoin,1531785600,5.56e-06,0.512935062441,0.35781864782000006,0.1551164146209999
0,DENT,Binance,1531785600,5.8e-07,61.89243213,180.59563627,-118.70320414
0,DENT,Kucoin,1531785600,5.9e-07,11.054041546101,6.221017798846001,4.833023747255
0,DRGN,Kucoin,1531785600,5.03e-05,0.207594093948,10.689404780236,-10.481810686288
0,EDO,Binance,1531785600,0.0001484,9.388494793000001,9.431060831,-0.042566037999998585
0,ELF,Binance,1531785600,9.276e-05,5.75982936,11.40231582,-5.64248646
0,ELF,Kucoin,1531785600,9.443e-05,0.12094062376299998,0.051295013337,0.06964561042599998
0,ELIX,Kucoin,1531785600,3.563e-05,0.5426903498060001,0.079191981157,0.46349836864900007
0,FLIXX,Kucoin,1531785600,8.35e-06,0.37166656903200007,0.114949471604,0.2567170974280001
0,GTO,Binance,1531785600,2.743e-05,14.90254127,11.202481419999998,3.7000598500000024
0,GTO,Bittrex,1531785600,2.768e-05,2.88601206857826,2.1268373053826,0.7591747631956598
0,ICX,Binance,1531785600,0.0002171,39.422395209,42.61619785799999,-3.1938026489999913
0,LA,Kucoin,1531785600,1.851e-05,0.277434183313,0.029509765654999996,0.24792441765800002
0,ONION,Kucoin,1531785600,0.0001052,0.056260407070000004,0.111442002464,-0.055181595394
0,OST,Binance,1531785600,1.039e-05,11.690574069999998,10.14872684,1.5418472299999983
0,PBL,Kucoin,1531785600,1.945e-05,0.076896283196,0.37194269970800004,-0.29504641651200003
0,POLL,Kucoin,1531785600,9.213e-05,0.04782157403599999,0.084854819103,-0.037033245067
0,PRL,Kucoin,1531785600,2.464e-05,0.185461842519,0.43675931002400004,-0.25129746750500004
0,QLC,Binance,1531785600,8.53e-06,7.61191244,7.616639230000001,-0.004726790000001202
0,QLC,Kucoin,1531785600,8.63e-06,0.382516921542,0.302575700359,0.07994122118300001
0,R,Kucoin,1531785600,4.597e-05,0.5183499408911,0.09821067137110999,0.42013926951999
0,RHOC,Kucoin,1531785600,0.0001071,0.11813545931933,2.9384506629719396,-2.8203152036526093
0,SNOV,Kucoin,1531785600,1.43e-06,0.46790745447699994,0.275225326993,0.19268212748399993
0,TFL,Kucoin,1531785600,9.395e-05,0.11745556659,0.81488924017,-0.69743367358
0,TNB,Binance,1531785600,3.28e-06,5.975716869999999,22.987077539999994,-17.011360669999995
0,TRIG,Binance,1531785600,5.84e-05,7.408148677000002,11.23744246,-3.829293782999999
0,UTK,Kucoin,1531785600,1.106e-05,0.21986204689,0.09247985720800002,0.127382189682
0,XLR,Kucoin,1531785600,0.0004214,0.19185046417199997,0.065122610735,0.12672785343699997
0,NANO,Binance,1531785600,0.0003915,0.0,0.0,0.0
0,NANO,Kucoin,1531785600,0.000376,0.0,0.0,0.0
0,APPC,Binance,1531785600,3.022e-05,9.152913170000001,6.75591737,2.396995800000002
0,VIBE,Binance,1531785600,1.126e-05,8.43270668,10.185081160000001,-1.7523744800000003
0,CAN,Kucoin,1531785600,1.521e-05,0.232091389233,0.101209542034,0.13088184719899998
0,INS,Binance,1531785600,9.08e-05,19.09390457799999,22.524734931,-3.4308303530000117
0,INS,Kucoin,1531785600,8.931e-05,0.09730894091499999,0.028003080948,0.06930585996699999
0,KEY,Binance,1531785600,1.89e-06,74.85542792,170.56191394000004,-95.70648602000004
0,KEY,Kucoin,1531785600,1.89e-06,0.182968113728,0.087589167418,0.09537894631
0,TEL,Kucoin,1531785600,1.6e-07,35.6229172619,29.0891989272,6.533718334699998
0,TNC,Kucoin,1531785600,4.28e-06,0.7022351245330001,0.027765119685,0.6744700048480001
0,AIX,Kucoin,1531785600,1.404e-05,0.054509775128999995,0.048387166739999994,0.0061226083890000005
0,COFI,Kucoin,1531785600,3.16e-06,0.1105583133,0.084234103307,0.026324209993000003
0,CV,Kucoin,1531785600,2.3e-07,3.8962954860999996,3.2462190278999996,0.6500764582
0,DAT,Kucoin,1531785600,2.49e-06,0.09484703317400002,0.059385597111,0.03546143606300002
0,IOST,Binance,1531785600,3.37e-06,54.431373660000006,58.16049046999999,-3.7291168099999865
0,IOST,Kucoin,1531785600,3.37e-06,0.14447356073,0.161600223051,-0.01712666232099999
0,OCN,Bittrex,1531785600,1.08e-06,14.486543305079863,8.1068910361627,6.379652268917162
0,OCN,Kucoin,1531785600,1.07e-06,10.2400205826,2.4309245353,7.8090960473
0,AGI,Binance,1531785600,1.568e-05,3.712581929999999,4.09539463,-0.38281270000000145
0,AGI,Kucoin,1531785600,1.579e-05,0.16106795196200002,0.323111761418,-0.162043809456
0,ARY,Kucoin,1531785600,6.21e-06,0.067591369324,0.330419406783,-0.262828037459
0,DNA,Kucoin,1531785600,1.043e-05,0.059401932792,0.054300463098999996,0.005101469693000002
0,FOTA,Kucoin,1531785600,4.1e-06,0.390382847291,0.303827392393,0.08655545489799998
0,TIO,Kucoin,1531785600,5.599e-05,0.035911330212000006,0.07671122942300002,-0.04079989921100001
0,ZPT,Kucoin,1531785600,5.55e-06,0.193798220041,0.211811702752,-0.018013482711000006
0,BLZ,Binance,1531785600,4.712e-05,7.175699060000001,14.811727989999998,-7.636028929999997
0,BOS,Kucoin,1531785600,1.28e-05,0.376374537717,0.141269079222,0.23510545849500003
0,IGNIS,Bittrex,1531785600,9.21e-06,8.119261706809366,5.584831974465063,2.5344297323443037
0,CRB,Bittrex,1531785600,8.41e-06,0.3024371503680728,0.4559698242476505,-0.1535326738795777
0,ADB,Kucoin,1531785600,1.2e-06,0.129434827689,0.19656676246100002,-0.06713193477200002
0,AE,Binance,1531785600,0.0002718,11.431319383999998,22.884377500000006,-11.453058116000008
0,AXP,Kucoin,1531785600,3.2e-06,0.158446388821,2.216863907718,-2.058417518897
0,CHAT,Binance,1531785600,5.88e-06,11.4099535,19.29406504,-7.884111539999999
0,CXO,Kucoin,1531785600,5.16e-06,0.311923610899,0.4170106881280001,-0.10508707722900007
0,EBTC,Kucoin,1531785600,8.48e-06,0.078537492665,0.051217214746999994,0.027320277918000006
0,HAT,Kucoin,1531785600,0.0001172,0.107771742991,0.023592401489,0.08417934150199999
0,HPB,Kucoin,1531785600,0.0002977,0.210647552399,0.15918540740200002,0.05146214499699997
0,LOCI,Kucoin,1531785600,7.92e-06,0.075989421875,0.075814205015,0.00017521686000000758
0,PARETO,Kucoin,1531785600,2.29e-06,0.688924495561,0.29743785687700003,0.39148663868399997
0,TKY,Kucoin,1531785600,1.44e-06,2.757439588725,3.8578985456890003,-1.1004589569640002
0,BPT,Kucoin,1531785600,1.983e-05,0.21191347856599996,0.10544688016200002,0.10646659840399994
0,ING,Kucoin,1531785600,7.16e-06,0.163449995778,0.061079326532,0.10237066924600001
0,MWAT,Kucoin,1531785600,3.31e-06,1.0786731614549998,0.522073667916,0.5565994935389998
0,CAPP,Kucoin,1531785600,1.84e-06,0.1504900978,0.7305308253,-0.5800407275
0,COV,Kucoin,1531785600,0.0001939,0.45495023528399997,0.229572040057,0.22537819522699998
0,DTA,Kucoin,1531785600,9.5e-07,0.277888313717,0.317024680295,-0.039136366578000015
0,EXY,Kucoin,1531785600,2.922e-05,0.152323600661,0.22186048871300001,-0.069536888052
0,GAT,Kucoin,1531785600,5.9e-07,0.158061618754,0.063421547395,0.09464007135899999
0,HKN,Kucoin,1531785600,0.00017,0.130348704308,2.5141177889610002,-2.383769084653
0,ITC,Kucoin,1531785600,6.725e-05,0.033678818281,0.138843830175,-0.10516501189399999
0,JNT,Kucoin,1531785600,2.498e-05,0.030462844597,0.094803638197,-0.0643407936
0,NCASH,Binance,1531785600,1.94e-06,49.60824827000001,76.73979084,-27.131542569999986
0,PLAY,Kucoin,1531785600,2.12e-06,0.027081128164,0.027034259578000003,4.686858599999705e-05
0,POA,Binance,1531785600,2.688e-05,11.472291139999996,7.59699664,3.8752944999999954
0,SNC,Kucoin,1531785600,1.4800000000000002e-05,0.01988248904,0.024529527043999997,-0.004647038003999997
0,SPF,Kucoin,1531785600,5.6e-06,0.121313269959,0.019953289752000003,0.101359980207
0,STK,Kucoin,1531785600,4.83e-06,0.06155215612199999,0.028777292227,0.03277486389499999
0,WAX,Bittrex,1531785600,2.084e-05,25.567563536704135,22.077881578031622,3.489681958672513
0,WAX,Kucoin,1531785600,2.07e-05,0.14079379625400001,0.024527207774999997,0.11626658847900001
0,ONT,Binance,1531785600,0.0005369,10.153838211999998,19.938629325999987,-9.784791113999988
0,ONT,Kucoin,1531785600,0.0005748999999999999,0.026637293242999998,0.30736443539600006,-0.28072714215300004
0,SRN,Bittrex,1531785600,2.629e-05,5.754284093048146,6.241606620692746,-0.4873225276445998
0,SRN,Kucoin,1531785600,2.635e-05,0.188901553319,0.16425211299999995,0.024649440319000043
0,STORM,Binance,1531785600,2.63e-06,17.392607909999995,35.1264357,-17.733827790000007
0,STORM,Bittrex,1531785600,2.64e-06,2.3592575090020946,4.391172985139343,-2.031915476137248
0,TUSD,Binance,1531785600,0.0001491,8.258985579999997,130.0865456199999,-121.8275600399999
0,TUSD,Bittrex,1531785600,0.000149,4.238521846715268,22.70984000254182,-18.471318155826552
0,VEE,Bittrex,1531785600,2.62e-06,10.48790775648502,3.8354893723859136,6.652418384099107
0,ZIL,Binance,1531785600,1.102e-05,58.63651231999999,55.19888971000001,3.437622609999977
0,ZIL,Kucoin,1531785600,1.107e-05,0.753989176508,0.179057873886,0.574931302622
0,DEB,Kucoin,1531785600,3.84e-06,0.136160969489,1.214383732292,-1.078222762803
0,ETN,Kucoin,1531785600,1.74e-06,2.5414536233000002,1.8680686549,0.6733849684000002
0,J8T,Kucoin,1531785600,1.25e-06,0.07825540765799999,0.13935240784,-0.06109700018200001
0,WAN,Binance,1531785600,0.00033810000000000003,10.777915911,13.047016487999995,-2.269100576999996
0,WAN,Kucoin,1531785600,0.000338,0.034374651399,0.15832150471,-0.123946853311
0,ACAT,Kucoin,1531785600,5.1e-07,1.654370162647,0.7963388722970001,0.8580312903499999
0,IHT,Kucoin,1531785600,9.67e-06,0.059511421709,0.000498069993,0.059013351716
0,LOOM,Binance,1531785600,3.366e-05,8.831009690000005,9.866502310000003,-1.0354926199999976
0,LOOM,Kucoin,1531785600,3.361e-05,0.468313874981,0.108656838057,0.35965703692400003
0,DMT,Bittrex,1531785600,2.509e-05,8.470488728969533,2.411456249029939,6.059032479939594
0,ELEC,Kucoin,1531785600,4.14e-06,0.027527183002000005,0.217273848876,-0.189746665874
0,UP,Bittrex,1531785600,6.85e-06,3.847900785938752,4.017556715194388,-0.1696559292556361
0,LYM,Kucoin,1531785600,4.68e-06,0.984532174282,0.40141544905699994,0.583116725225
0,WPR,Binance,1531785600,6.31e-06,7.405055100000001,13.08671105,-5.681655949999999
0,WPR,Kucoin,1531785600,6.43e-06,0.19095842599700003,0.028350586602999998,0.16260783939400003
0,TRAC,Kucoin,1531785600,1.586e-05,0.28825032736799994,0.017660591564,0.2705897358039999
0,DADI,Kucoin,1531785600,1.741e-05,0.13082449873500002,0.6700914041810001,-0.5392669054460001
0,BLT,Bittrex,1531785600,3.19e-05,2.006447958789385,1.518034286393904,0.48841367239548084
0,SPHTX,Kucoin,1531785600,2.892e-05,1.023715274759,0.40891587107099997,0.614799403688
0,THETA,Binance,1531785600,2.166e-05,11.252730399999999,13.012370589999996,-1.7596401899999972
0,GLA,Kucoin,1531785600,2.795e-05,0.047597856822,0.05845649917699999,-0.010858642354999996
0,CHSB,Kucoin,1531785600,1.94e-06,0.513990064805,0.06796499380700001,0.446025070998
0,NGC,Bittrex,1531785600,4.72e-05,2.5765318146051803,8.533100626759602,-5.956568812154421
0,HAV,Kucoin,1531785600,4.08e-05,0.2610153742134408,0.21356271493547221,0.04745265927796857
0,KICK,Kucoin,1531785600,1.193e-05,2.620683278264,0.577526024757,2.043157253507
0,DOCK,Kucoin,1531785600,7.09e-06,0.878758716366,0.12004484638099999,0.758713869985
0,BCN,Binance,1531785600,4.6e-07,171.70453872000002,265.83113021,-94.12659149000001
0,TUBE,Bittrex,1531785600,1.069e-05,4.67106572323412,2.0199213474922875,2.6511443757418327
0,POLY,Bittrex,1531785600,5.484e-05,8.752270157802972,15.454865459845522,-6.70259530204255
0,PRO,Bittrex,1531785600,8.516e-05,0.8704653497821753,2.51093640857489,-1.6404710587927147
0,AID,Bittrex,1531785600,1.6899999999999994e-05,1.5872088423461916,3.319656184891458,-1.7324473425452662
0,IOTX,Binance,1531785600,3.9e-06,16.30236613,12.80787552,3.4944906099999997
0,IOTX,Kucoin,1531785600,3.91e-06,0.7532018045669999,0.319932179124,0.4332696254429999
0,SKY,Binance,1531785600,0.000995,15.517073328999999,18.851758318,-3.334684989000003
0,DATA,Binance,1531785600,1.043e-05,4.764612499999999,9.571460279999998,-4.806847779999999
0,QKC,Binance,1531785600,1.165e-05,32.73353121999999,39.12497283999999,-6.391441620000002
0,QKC,Kucoin,1531785600,1.171e-05,0.028511608047,0.148971513447,-0.1204599054
0,MOBI,Kucoin,1531785600,7.94e-06,0.329423974675,0.005985016366,0.323438958309
0,TOMO,Kucoin,1531785600,5.557e-05,0.14930388545300002,0.18495964135700002,-0.035655755904
0,SOUL,Kucoin,1531785600,2.315e-05,0.025830169333000003,0.144983799108,-0.11915362977499999
0,MAN,Kucoin,1531785600,6.865e-05,0.295907241563,0.361327201599,-0.06541996003599998
0,OPEN,Kucoin,1531785600,1.009e-05,0.748972872124,0.009713932345000002,0.739258939779
0,LALA,Kucoin,1531785600,2.9e-06,0.099976653207,0.115796284759,-0.015819631552000002
0,CHP,Kucoin,1531785600,4.19e-06,0.20053904435400002,0.17697225476,0.02356678959400002
0,TIME,Kucoin,1531785600,0.002057,0.27585394343871994,0.34298232152711,-0.06712837808839006
0,SHL,Kucoin,1531785600,4.15e-06,0.07091245641399999,0.024032993582,0.046879462831999986
0,APH,Kucoin,1531785600,2.634e-05,0.355334768541,0.045707529244,0.309627239297
0,ABT,Kucoin,1531785600,8.815e-05,0.0,0.0,0.0
0,BAX,Kucoin,1531785600,1.6e-07,3.2952010521029997,2.9558027018119994,0.3393983502910003
0,BKX,Bittrex,1531785600,2.833e-05,1.4876119410126554,5.71069164579023,-4.223079704777574
0,CBC,Bittrex,1531785600,1.765e-05,8.225561421540966,0.8311187714431294,7.394442650097837
0,CBC,Kucoin,1531785600,1.766e-05,0.027591574960000004,0.017560418724,0.010031156236000004
0,CMCT,Bittrex,1531785600,4.82e-06,0.0,0.0,0.0
0,NLC2,Bittrex,1531785600,5.64e-06,2.466694984410659,0.9866308699286288,1.4800641144820303
0,NPXS,Binance,1531785600,5.5e-07,138.42008586000003,172.95151404000003,-34.531428180000006
0,NAS,Binance,1531785600,0.0005151,7.619046465000003,8.137349750000002,-0.5183032849999991
0,MFT,Binance,1531785600,2.31e-06,52.198730989999994,142.33069314000005,-90.13196215000005
0,AOA,Kucoin,1531785600,7.699999999999999e-06,0.059203594683,0.249216913018,-0.19001331833500001
0,TFD,Kucoin,1531785600,5.12e-06,0.083337468293,0.41342713874899994,-0.33008967045599996
0,GO,Kucoin,1531785600,1.161e-05,0.832723975173,0.259857682709,0.572866292464
0,TMT,Kucoin,1531785600,3.43e-06,0.282274656537,0.190716187975,0.091558468562
0,OMX,Kucoin,1531785600,2.08e-06,1.557283473713,3.0020800711530002,-1.4447965974400003
0,DATX,Kucoin,1531785600,1.53e-06,0.268781540105,0.058855636497,0.209925903608
0,ZINC,Kucoin,1531785600,2.34e-05,0.761986415518,0.362576413649,0.39941000186899994
